,BLOCKLOT,REC:PROG,REC:Neighborhood,REC:Address
0,3836A010,1,HARWOOD,2622 GREENMOUNT AVE
1,2484031,1,EDMONDSON VILLAGE,620 DENISON ST
2,1534011,1,BROADWAY EAST,2120 E BIDDLE ST
3,1676096,1,MCELDERRY PARK,401 N STREEPER ST
4,3230008,1,PARKVIEW/WOODBROOK,2815 PARKWOOD AVE
5,2849B007,1,WINDSOR HILLS,4022 DUVALL AVE
6,3349007,1,GREENSPRING,2610 LOYOLA NORTHWAY
7,4543A036,1,WOODMERE,5212 SAINT CHARLES AVE
8,2739003,1,CENTRAL FOREST PARK,4104 W FOREST PARK AVE
9,3059B004,1,HANLON-LONGWOOD,3213 PIEDMONT AVE
10,3463E018,1,RESERVOIR HILL,2517 LINDEN AVE
11,0168034,1,FRANKLIN SQUARE,232 N CAREY ST
12,2284008,1,ALLENDALE,3515 EDMONDSON AVE
13,0846035,1,WASHINGTON VILLAGE,409 S AMITY ST
14,0150005,1,FRANKLIN SQUARE,308 N GILMOR ST
15,2528K028,1,EDMONDSON VILLAGE,1202 N AUGUSTA AVE
16,3059B026,1,HANLON-LONGWOOD,2500 N ELLAMONT ST
17,3022004,1,WALBROOK,3027 WINDSOR AVE
18,0562020,1,DOWNTOWN,400 N HOWARD ST
19,0704021,1,CARROLLTON RIDGE,510 S MONROE ST
20,2283003,1,ALLENDALE,3407 EDMONDSON AVE
21,0217010,1,HOLLINS MARKET,1119 W BALTIMORE ST
22,2707006A,1,WEST ARLINGTON,4400 GARRISON BLVD
23,8245013,1,HOWARD PARK,3700 GWYNN OAK AVE
24,2506A013,1,EDMONDSON VILLAGE,715 MOUNT HOLLY ST
25,0200017,1,POPPLETON,1033 W FAYETTE ST
26,0711010,1,CARROLLTON RIDGE,1800 EAGLE ST
27,0711012,1,CARROLLTON RIDGE,1804 EAGLE ST
28,0711013,1,CARROLLTON RIDGE,1806 EAGLE ST
29,4511A037,1,ARLINGTON,5311 CORDELIA AVE
30,0711011,1,CARROLLTON RIDGE,1802 EAGLE ST
31,5158069,1,WOODBOURNE-MCCABE,538 SHERIDAN AVE
32,4057A068,1,WAVERLY,753 E 36TH ST
33,4804A011,1,CYLBURN,3020 VIRGINIA AVE
34,2393065,1,WINCHESTER,2701 WINCHESTER ST
35,0177003,1,PENROSE/FAYETTE STREET OUTREAC,1913 W LEXINGTON ST
36,2960019,1,DOLFIELD,3915 RIDGEWOOD AVE
37,0150006,1,FRANKLIN SQUARE,310 N GILMOR ST
38,4070A087,1,BETTER WAVERLY,2648 BOONE ST
39,4071034,1,BETTER WAVERLY,2708 MATHEWS ST
40,3327A024,1,PARK CIRCLE,3651 PARK HEIGHTS AVE
41,3325003,1,PARK CIRCLE,3504 PARK HEIGHTS AVE
42,0279016,1,NEW SOUTHWEST/MOUNT CLARE,311 S GILMOR ST
43,0279035,1,NEW SOUTHWEST/MOUNT CLARE,1520 RAMSAY ST
44,5898C017,1,BELAIR-PARKSIDE,3703 PARKSIDE DR
45,4600029,1,LANGSTON HUGHES,4909 CORDELIA AVE
46,1148012,1,OLIVER,1323 N CENTRAL AV
47,1137041,1,OLIVER,1413 N CAROLINE ST
48,3061B015,1,HANLON-LONGWOOD,2607 N HILTON ST
49,1640058,1,MCELDERRY PARK,2402 MCELDERRY ST
50,5953G013,1,FRANKFORD,4813 FRANKFORD AVE
51,0244024,1,UNION SQUARE,123 S FULTON AVE
52,0227049,1,CARROLLTON RIDGE,48 S FULTON AVE
53,0227048,1,CARROLLTON RIDGE,50 S FULTON AVE
54,1624004,1,,2406 E MONUMENT ST
55,2717004,1,DORCHESTER,4006 BOARMAN AVE
56,4589036,1,CENTRAL PARK HEIGHTS,5134 PEMBRIDGE AVE
57,0262045,1,NEW SOUTHWEST/MOUNT CLARE,1608 MCHENRY ST
58,0277062,1,NEW SOUTHWEST/MOUNT CLARE,1609 MCHENRY ST
59,4071059,1,BETTER WAVERLY,2702 BOONE ST
60,0197030,1,FRANKLIN SQUARE,1416 W BALTIMORE ST
61,0197026,1,FRANKLIN SQUARE,1430 W BALTIMORE ST
62,4071035,1,BETTER WAVERLY,2706 MATHEWS ST
63,0277054,1,NEW SOUTHWEST/MOUNT CLARE,1625 MCHENRY ST
64,0235031,1,HOLLINS MARKET,49 S ARLINGTON AVE
65,0149066,1,FRANKLIN SQUARE,323 N FULTON AVE
66,8219006,1,WEST ARLINGTON,4410 BELVIEU AVE
67,8358001,1,CENTRAL FOREST PARK,4101 SPRINGDALE AVE
68,0197028,1,FRANKLIN SQUARE,1424 W BALTIMORE ST
69,0197027,1,FRANKLIN SQUARE,1428 W BALTIMORE ST
70,0197029,1,FRANKLIN SQUARE,1420 W BALTIMORE ST
71,2350066,1,BRIDGEVIEW/GREENLAWN,2328 CALVERTON HEIGHTS AVE
72,0719B011,1,CARROLLTON RIDGE,620 S MONROE ST
73,0107067,1,MIDTOWN-EDMONDSON,1916 EDMONDSON AVE
74,7470S062,1,LAKELAND,2821 EASTSHIRE DR
75,1653034,1,MIDDLE EAST,2251 MCELDERRY ST
76,8472010,1,WINDSOR HILLS,4509 FAIRFAX ROAD
77,2901016,1,FOREST PARK,3716 SPRINGDALE AVE
78,2948011,1,CALLAWAY-GARRISON,3812 BELLE AVE
79,2949029,1,CALLAWAY-GARRISON,3801 W COLD SPRING LANE
80,4616090,1,CENTRAL PARK HEIGHTS,2915 OAKLEY AVE
81,1686021,1,MIDDLE EAST,216 N CHESTER ST
82,0388018,1,CHARLES NORTH,27 W NORTH AVE
83,3405024,1,PENN NORTH,1618 W NORTH AVE
84,0851070,1,WASHINGTON VILLAGE,503 WYETH ST
85,0922037,1,WASHINGTON VILLAGE,751 W HAMBURG ST
86,2377A079,1,MOSHER,2751 RAYNER AVE
87,2424B036,1,ROSEMONT,1635 N ROSEDALE ST
88,4616074,1,CENTRAL PARK HEIGHTS,3015 OAKLEY AVE
89,5121001,1,LAKE WALKER,6213 YORK ROAD
90,2140002,1,MILLHILL,2613 FREDERICK AVE
91,0110048,1,HARLEM PARK,1616 EDMONDSON AVE
92,1610023,1,MADISON-EASTEND,845 N LUZERNE AV
93,3327F080,1,PARK CIRCLE,3619 COTTAGE AVE
94,4614004,1,CENTRAL PARK HEIGHTS,2922 OAKLEY AVE
95,4123032,1,COLDSTREAM HOMESTEAD MONTEBELL,2622 HARFORD ROAD
96,4613010,1,CENTRAL PARK HEIGHTS,3033 W GARRISON AVE
97,4526A008,1,ARLINGTON,5412 DENMORE AVE
98,4613011,1,CENTRAL PARK HEIGHTS,3031 W GARRISON AV
99,3975001,1,PEN LUCY,800 CATOR AVE
100,2736005,1,CENTRAL FOREST PARK,4001 MAINE AVE
101,5349001,1,LAURAVILLE,2300 E COLD SPRING LANE
102,6042N003,1,FRANKFORD,4810 FRANKFORD AVE
103,4178E061,1,BELAIR-EDISON,3208 ELMLEY AVE
104,1691098,1,MCELDERRY PARK,225 N ROSE ST
105,4070A021,1,BETTER WAVERLY,2637 GREENMOUNT AVE
106,5214022,1,WILSON PARK,4727 OLD YORK ROAD
107,4062010,1,BETTER WAVERLY,2541 GREENMOUNT AVE
108,2847019,1,GARWYN OAKS,2901 CHELSEA TERR
109,1538015,1,BEREA,1217 N MILTON AV
110,3065014,1,HANLON-LONGWOOD,3400 ALTO ROAD
111,1569004,1,MIDDLE EAST,2107 E CHASE ST
112,1569003,1,MIDDLE EAST,2105 E CHASE ST
113,3418A034,1,RESERVOIR HILL,2509 MCCULLOH ST
114,5853002,1,WALTHERSON,4027 RIDGECROFT ROAD
115,4053036,1,WAVERLY,726 E 33RD ST
116,3836A026,1,HARWOOD,400 E LORRAINE AVE
117,3639023,1,REMINGTON,319 W 27TH ST
118,1138055,1,OLIVER,1406 N BROADWAY
119,1138052,1,OLIVER,1412 N BROADWAY
120,1606064,1,MIDDLE EAST,2212 E MADISON ST
121,1127041,1,OLIVER,1536 N BROADWAY
122,3061B001,1,HANLON-LONGWOOD,3200 PIEDMONT AVE
123,2838014,1,GARWYN OAKS,2712 ELSINORE AVE
124,3238009,1,PARKVIEW/WOODBROOK,3502 WOODBROOK AVE
125,3238008,1,PARKVIEW/WOODBROOK,3500 WOODBROOK AVE
126,3238010,1,PARKVIEW/WOODBROOK,3504 WOODBROOK AVE
127,3237001,1,PARKVIEW/WOODBROOK,3501 WOODBROOK AVE
128,2110008,1,MILLHILL,2543 ASHTON ST
129,2475H027,1,FRANKLINTOWN ROAD,1002 N FRANKLINTOWN ROAD
130,2475H029,1,FRANKLINTOWN ROAD,1006 N FRANKLINTOWN ROAD
131,0116057,1,HARLEM PARK,908 EDMONDSON AVE
132,2145A035,1,MILLHILL,301 MILLINGTON AVE
133,7470J005,1,LAKELAND,2631 HOLLINS FERRY ROAD
134,4013A036,1,EAST BALTIMORE MIDWAY,2023 CECIL AV
135,4022022,1,EAST BALTIMORE MIDWAY,2143 HOMEWOOD AV
136,4022020,1,EAST BALTIMORE MIDWAY,2139 HOMEWOOD AV
137,4013A001,1,EAST BALTIMORE MIDWAY,1000 E 20TH ST
138,4003036,1,EAST BALTIMORE MIDWAY,1915 OAK HILL AV
139,4046008,1,BETTER WAVERLY,716 GORSUCH AVE
140,3824031,1,BARCLAY,446 E 23RD ST
141,1590063,1,MILTON-MONTFORD,2312 ASHLAND AV
142,3828049,1,BARCLAY,2416 GUILFORD AVE
143,4070A069,1,BETTER WAVERLY,2619 BOONE ST
144,1710041,1,BALTIMORE-LINWOOD,154 N LAKEWOOD AVE
145,1608022,1,MILTON-MONTFORD,843 N MONTFORD AV
146,3335059,1,PARK CIRCLE,2610 VIOLET AVE
147,6558019,1,GREEKTOWN,636 OLDHAM ST
148,0199001,1,POPPLETON,1 N CAREY ST
149,3972002,1,WAVERLY,3803 OLD YORK ROAD
150,5053015,1,KERNEWOOD,4628 YORK ROAD
151,6287056,1,BALTIMORE HIGHLANDS,3717 MOUNT PLEASANT AVE
152,2730010,1,DORCHESTER,4018 LIBERTY HEIGHTS AVE
153,3903A040,1,WAVERLY,503 E 39TH ST
154,2742A007,1,CONCERNED CITIZENS OF FOREST P,3913 NORFOLK AVE
155,3350E032,1,PARKLANE,3007 WYLIE AVE
156,4018018,1,EAST BALTIMORE MIDWAY,2000 BOONE ST
157,1500002,1,BROADWAY EAST,1414 N COLLINGTON AV
158,5165C045,1,WOODBOURNE-MCCABE,5201 CRAIG AVE
159,4198B010,1,ARCADIA,3029 WEAVER AVE
160,4804A010,1,CYLBURN,3018 VIRGINIA AVE
161,4552128,1,ARLINGTON,5215 ELMER AVE
162,3834019C,1,HARWOOD,2522 BARCLAY ST
163,5190010,1,WILSON PARK,4415 SAINT GEORGES AVE
164,3875024,1,ABELL,302 E 31ST ST
165,2748002,1,WEST FOREST PARK,3102 OAKFIELD AVE
166,4114F013,1,COLDSTREAM HOMESTEAD MONTEBELL,2535 GARRETT AVE
167,4114F045,1,COLDSTREAM HOMESTEAD MONTEBELL,2548 ROBB ST
168,4114I022,1,COLDSTREAM HOMESTEAD MONTEBELL,2552 GARRETT AVE
169,4114I024,1,COLDSTREAM HOMESTEAD MONTEBELL,2556 GARRETT AVE
170,7077025,1,BROOKLYN,600 E PATAPSCO AVE
171,0277002,1,NEW SOUTHWEST/MOUNT CLARE,302 S GILMOR ST
172,0153046,1,FRANKLIN SQUARE,1304 W SARATOGA ST
173,7644068,1,CHERRY HILL,2881 BOOKERT DR
174,4114H044,1,COLDSTREAM HOMESTEAD MONTEBELL,2612 CECIL AVE
175,4114G005,1,COLDSTREAM HOMESTEAD MONTEBELL,2609 CECIL AVE
176,4114B001,1,COLDSTREAM HOMESTEAD MONTEBELL,2601 ROBB ST
177,3814019,1,BARCLAY,415 E 22ND ST
178,4198B011,1,ARCADIA,3031 WEAVER AVE
179,7077026,1,BROOKLYN,606 E PATAPSCO AVE
180,1714164,1,ELLWOOD PARK/MONUMENT,3022 E FAYETTE ST
181,1677070,1,ELLWOOD PARK/MONUMENT,413 N CURLEY ST
182,1569010,1,MIDDLE EAST,2119 E CHASE ST
183,4613001A,1,CENTRAL PARK HEIGHTS,3002 OAKLEY AV
184,6288047,1,BALTIMORE HIGHLANDS,3437 E LOMBARD ST
185,3942021,1,COLDSTREAM HOMESTEAD MONTEBELL,2942 HARFORD ROAD
186,2951C004,1,,3734 DOLFIELD AV
187,0719B024,1,CARROLLTON RIDGE,611 S PAYSON ST
188,7470A030,1,LAKELAND,2828 GANLEY DR
189,1466020,1,BROADWAY EAST,1639 N BROADWAY
190,1138048,1,OLIVER,1420 N BROADWAY
191,1678012,1,ELLWOOD PARK/MONUMENT,319 N ROBINSON ST
192,1623038,1,MILTON-MONTFORD,723 N PATTERSON PK AV
193,1623040,1,MILTON-MONTFORD,719 N PATTERSON PK AV
194,5180A034C,1,WINSTON-GOVANS,5018 READY AVE
195,0209024,1,FRANKLIN SQUARE,1726 FREDERICK AVE
196,0209025,1,FRANKLIN SQUARE,1724 FREDERICK AVE
197,7118018,1,BROOKLYN,912 STOLL ST
198,0327047,1,UPTON,1817 PENNSYLVANIA AVE
199,4123A009,1,COLDSTREAM HOMESTEAD MONTEBELL,2548 HARFORD ROAD
200,0014004,1,SANDTOWN-WINCHESTER,1606 N FULTON AVE
201,0214002,1,FRANKLIN SQUARE,1403 W BALTIMORE ST
202,0214001,1,FRANKLIN SQUARE,1401 W BALTIMORE ST
203,6288018,1,BALTIMORE HIGHLANDS,3434 MOUNT PLEASANT AVE
204,8318001,1,HOWARD PARK,5100 GWYNN OAK AVE
205,4218020,1,FALLSTAFF,7120 PARK HEIGHTS AVE
206,3240003,1,PARKVIEW/WOODBROOK,1704 GWYNNS FALLS PKWY
207,1676066,1,MCELDERRY PARK,2804 ORLEANS ST
208,1676067,1,MCELDERRY PARK,2802 ORLEANS ST
209,5165B005,1,WOODBOURNE-MCCABE,608 MCCABE AVE
210,1118045,1,OLIVER,1628 N BROADWAY
211,5165080,1,WINSTON-GOVANS,617 MCCABE AVE
212,3032032,1,WALBROOK,2902 POPLAR TERR
213,5165C002,1,WOODBOURNE-MCCABE,702 MCCABE AVE
214,4544B021,1,ARLINGTON,5222 CUTHBERT AVE
215,4096007,1,BETTER WAVERLY,922 HOMESTEAD ST
216,4511A007,1,ARLINGTON,5354 CUTHBERT AVE
217,3172053,1,PARK CIRCLE,2800 ULMAN AV
218,3061B091,1,HANLON-LONGWOOD,2501 N ELLAMONT ST
219,2902003C,1,FOREST PARK,3623 LIBERTY HEIGHTS AVE
220,2960073,1,DOLFIELD,3920 RIDGEWOOD AVE
221,2289013,1,ALLENDALE,325 ALLENDALE ST
222,2362055,1,EVERGREEN LAWN,2505 HARLEM AVE
223,7841A046,1,MORRELL PARK,2008 GRIFFIS AVE
224,2285004,1,ALLENDALE,3507 W FRANKLIN ST
225,7779003,1,MORRELL PARK,2530 WASHINGTON BLVD
226,2503048,1,EDMONDSON VILLAGE,715 LINNARD ST
227,2275A066,1,ALLENDALE,145 N MONASTERY AVE
228,2275A059,1,ALLENDALE,159 N MONASTERY AVE
229,2544001,1,IRVINGTON,200 S AUGUSTA AVE
230,2537036,1,IRVINGTON,314 S COLLINS AVE
231,2292A030,1,ALLENDALE,3704 W FRANKLIN ST
232,2247006,1,IRVINGTON,249 S LOUDON AVE
233,2535002,1,IRVINGTON,4209 FREDERICK AVE
234,2275A001,1,ALLENDALE,246 N HILTON ST
235,8139L012,1,BEECHFIELD,423 RANDOM ROAD
236,8139005,1,BEECHFIELD,4709 FREDERICK AVE
237,3239007,1,PARKVIEW/WOODBROOK,1632 GWYNNS FALLS PKWY
238,3235030,1,PARKVIEW/WOODBROOK,1635 GWYNNS FALLS PKWY
239,3240001,1,PARKVIEW/WOODBROOK,1700 GWYNNS FALLS PKWY
240,4114F024,1,COLDSTREAM HOMESTEAD MONTEBELL,2557 GARRETT AVE
241,0801044,1,WASHINGTON VILLAGE,1165 NANTICOKE ST
242,0801043,1,WASHINGTON VILLAGE,1167 NANTICOKE ST
243,0801046,1,WASHINGTON VILLAGE,1161 NANTICOKE ST
244,4983G007,1,HOMELAND,5425 SPRINGLAKE WAY
245,2717003,1,DORCHESTER,4004 BOARMAN AVE
246,5165C040,1,WOODBOURNE-MCCABE,5211 CRAIG AVE
247,5165B034,1,WOODBOURNE-MCCABE,5213 READY AVE
248,2717A003,1,DORCHESTER,4014 W COLD SPRING LANE
249,5898H055,1,ARCADIA,4013 EIERMAN AVE
250,2717007,1,DORCHESTER,4012 BOARMAN AVE
251,1570063,1,MIDDLE EAST,2234 PRENTISS PL
252,1570058,1,MIDDLE EAST,2224 PRENTISS PL
253,1610029C,1,MADISON-EASTEND,2629 ASHLAND AV
254,1570047,1,MIDDLE EAST,2202 PRENTISS PL
255,1570059,1,MIDDLE EAST,2226 PRENTISS PL
256,1553093,1,MIDDLE EAST,2208 HENNEMAN AV
257,1553096,1,MIDDLE EAST,2214 HENNEMAN AV
258,1553100,1,MIDDLE EAST,2222 HENNEMAN AV
259,1570052,1,MIDDLE EAST,2212 PRENTISS PL
260,1570084,1,MIDDLE EAST,2231 PRENTISS PL
261,3024034,1,PANWAY/BRADDISH AVENUE,2848 CLIFTON AVE
262,2336003,1,BRIDGEVIEW/GREENLAWN,1204 N BENTALOU ST
263,3023046,1,WALBROOK,2924 CLIFTON AVE
264,3085A015,1,PANWAY/BRADDISH AVENUE,2129 N DUKELAND ST
265,4511B020,1,ARLINGTON,5310 CORDELIA AVE
266,2364A037,1,EVERGREEN LAWN,2524 W LANVALE ST
267,1608029,1,MILTON-MONTFORD,2409 ASHLAND AV
268,1656049,1,MCELDERRY PARK,2514 JEFFERSON ST
269,1543017,1,BEREA,1233 N POTOMAC ST
270,1690034,1,PATTERSON PLACE,2419 ORLEANS ST
271,1742013,1,BALTIMORE-LINWOOD,25 S POTOMAC ST
272,5173A010,1,WINSTON-GOVANS,5108 IVANHOE AVE
273,1651032,1,MIDDLE EAST,520 N CHESTER ST
274,1124023,1,OLIVER,1309 E FEDERAL ST
275,1162009,1,OLIVER,1219 N EDEN ST
276,4429019,1,ARLINGTON,3604 W ROGERS AV
277,7225006,1,CURTIS BAY,1630 HAZEL ST
278,7225019,1,CURTIS BAY,1604 HAZEL ST
279,7225010,1,CURTIS BAY,1622 HAZEL ST
280,7225008,1,CURTIS BAY,1626 HAZEL ST
281,7225012,1,CURTIS BAY,1618 HAZEL ST
282,7225004,1,CURTIS BAY,1634 HAZEL ST
283,7225007,1,CURTIS BAY,1628 HAZEL ST
284,7225015,1,CURTIS BAY,1612 HAZEL ST
285,1621076,1,MIDDLE EAST,711 N DUNCAN ST
286,1651033,1,MIDDLE EAST,518 N CHESTER ST
287,1621074,1,MIDDLE EAST,715 N DUNCAN ST
288,1621075,1,MIDDLE EAST,713 N DUNCAN ST
289,3814010,1,BARCLAY,2119 BARCLAY ST
290,4613012,1,CENTRAL PARK HEIGHTS,3029 W GARRISON AV
291,3235031,1,PARKVIEW/WOODBROOK,1637 GWYNNS FALLS PKWY
292,0452028,1,UPTON,827 HARLEM AVE
293,0430037,1,UPTON,832 HARLEM AVE
294,0452032,1,UPTON,835 HARLEM AVE
295,4585002,1,CENTRAL PARK HEIGHTS,3102 W GARRISON AV
296,7841H019,1,MORRELL PARK,2036 GRINNALDS AVE
297,2402016,1,COPPIN HEIGHTS/ASH-CO-EAST,2755 W NORTH AVE
298,2401A014,1,COPPIN HEIGHTS/ASH-CO-EAST,2727 W NORTH AVE
299,3006018,1,WALBROOK,2798 W NORTH AVE
300,5126022,1,LAKE WALKER,723 HOLLEN ROAD
301,2402015,1,COPPIN HEIGHTS/ASH-CO-EAST,2757 W NORTH AVE
302,2401A015,1,COPPIN HEIGHTS/ASH-CO-EAST,2729 W NORTH AVE
303,2505003,1,EDMONDSON VILLAGE,704 N GRANTLEY ST
304,6156021,1,ELLWOOD PARK/MONUMENT,510 N BOULDIN ST
305,1607085,1,MILTON-MONTFORD,819 N BRADFORD ST
306,6154011,1,ELLWOOD PARK/MONUMENT,604 N HIGHLAND AV
307,1156050,1,JOHNSTON SQUARE,801 E PRESTON ST
308,6156033,1,ELLWOOD PARK/MONUMENT,513 N EAST AV
309,1647028,1,ELLWOOD PARK/MONUMENT,620 N ROBINSON ST
310,1647001L,1,ELLWOOD PARK/MONUMENT,625 N ELLWOOD AV
311,4017038,1,EAST BALTIMORE MIDWAY,709 E 21ST ST
312,6158A036,1,ELLWOOD PARK/MONUMENT,530 N HIGHLAND AV
313,2401A016,1,COPPIN HEIGHTS/ASH-CO-EAST,2731 W NORTH AVE
314,2401A011,1,COPPIN HEIGHTS/ASH-CO-EAST,2721 W NORTH AVE
315,5214A006,1,RICHNOR SPRINGS,4743 OLD YORK ROAD
316,5183C006,1,KENILWORTH PARK,5017 MIDWOOD AVE
317,3836A082,1,HARWOOD,2607 BARCLAY ST
318,3942044,1,COLDSTREAM HOMESTEAD MONTEBELL,2835 HILLEN ROAD
319,7841A027,1,MORRELL PARK,2031 GRIFFIS AVE
320,3836B035,1,HARWOOD,2505 BARCLAY ST
321,2485046,1,EDMONDSON VILLAGE,607 N GRANTLEY ST
322,0152007,1,FRANKLIN SQUARE,313 N STRICKER ST
323,2402023,1,COPPIN HEIGHTS/ASH-CO-EAST,2741 W NORTH AVE
324,0234017,1,HOLLINS MARKET,1133 HOLLINS ST
325,1672072,1,MCELDERRY PARK,2400 ORLEANS ST
326,0074010,1,SANDTOWN-WINCHESTER,945 N MOUNT ST
327,0074012,1,SANDTOWN-WINCHESTER,949 N MOUNT ST
328,0108010,1,HARLEM PARK,618 N FULTON AVE
329,0122064,1,HARLEM PARK,1616 W FRANKLIN ST
330,2441015,1,ROSEMONT,1628 N ELLAMONT ST
331,1126059,1,OLIVER,1538 N BOND ST
332,4028A015,1,EAST BALTIMORE MIDWAY,2112 HARFORD RD
333,4028A011,1,EAST BALTIMORE MIDWAY,2104 HARFORD RD
334,4028A016,1,EAST BALTIMORE MIDWAY,2114 HARFORD RD
335,4028A013,1,EAST BALTIMORE MIDWAY,2108 HARFORD RD
336,1607007,1,MILTON-MONTFORD,813 N PATTERSON PK AV
337,0123042,1,HARLEM PARK,515 N GILMOR ST
338,0123016,1,HARLEM PARK,530 N STRICKER ST
339,0122017,1,HARLEM PARK,534 N GILMOR ST
340,0123037,1,HARLEM PARK,525 N GILMOR ST
341,0192078,1,PENROSE/FAYETTE STREET OUTREAC,1924 W FAIRMOUNT AV
342,8019013,1,TEN HILLS,410 OLD ORCHARD RD
343,0338035,1,UPTON,575 LAURENS ST
344,0110052,1,HARLEM PARK,1608 EDMONDSON AVE
345,3024012A,1,PANWAY/BRADDISH AVENUE,2817 WINDSOR AVE
346,4616083,1,CENTRAL PARK HEIGHTS,2929 OAKLEY AV
347,4616084,1,CENTRAL PARK HEIGHTS,2927 OAKLEY AV
348,4616082,1,CENTRAL PARK HEIGHTS,2931 OAKLEY AV
349,4616085,1,CENTRAL PARK HEIGHTS,2925 OAKLEY AV
350,4616086,1,CENTRAL PARK HEIGHTS,2923 OAKLEY AV
351,5197012A,1,WILSON PARK,549 OAKLAND AVE
352,5170005,1,KENILWORTH PARK,910 BEAUMONT AVE
353,1693017,1,MCELDERRY PARK,233 N LAKEWOOD AV
354,1553031,1,MIDDLE EAST,1108 N PATTERSON PK AV
355,1553034,1,MIDDLE EAST,1114 N PATTERSON PK AV
356,1606001,1,MIDDLE EAST,803 N COLLINGTON AV
357,4589035,1,CENTRAL PARK HEIGHTS,5132 PEMBRIDGE AV
358,3234015F,1,PARKVIEW/WOODBROOK,2313 BRYANT AVE
359,3243012,1,PARKVIEW/WOODBROOK,2213 WHITTIER AVE
360,3238005,1,PARKVIEW/WOODBROOK,2609 REISTERSTOWN ROAD
361,3844100,1,HARWOOD,343 E 28TH ST
362,3814061,1,BARCLAY,414 E 21ST ST
363,3824042,1,BARCLAY,424 E 23RD ST
364,3855014,1,ABELL,2952 GREENMOUNT AVE
365,3855017,1,ABELL,2958 GREENMOUNT AVE
366,2364001,1,BRIDGEVIEW/GREENLAWN,2501 W LAFAYETTE AVE
367,5183027,1,RICHNOR SPRINGS,728 E COLD SPRING LANE
368,5173070,1,WINSTON-GOVANS,527 CHATEAU AVE
369,3463E015E,1,RESERVOIR HILL,2514 BROOKFIELD AVE
370,5140A014,1,MID-GOVANS,5619 GOVANE AVE
371,7615017,1,CHERRY HILL,454 ROUNDVIEW ROAD
372,4179P083,1,BELAIR-EDISON,3740 ELMORA AVE
373,5212B044,1,RICHNOR SPRINGS,4738 OLD YORK ROAD
374,3511056,1,HAMPDEN,856 W 33RD ST
375,3232A016,1,PARKVIEW/WOODBROOK,2307 OREM AVE
376,2402056,1,COPPIN HEIGHTS/ASH-CO-EAST,1702 ASHBURTON ST
377,5215018,1,RICHNOR SPRINGS,610 RICHWOOD AVE
378,3406035,1,PENN NORTH,2452 WOODBROOK AVE
379,0018033,1,EASTERWOOD,1520 N PAYSON ST
380,2349004,1,EVERGREEN LAWN,2306 ARUNAH AVE
381,6166084,1,ELLWOOD PARK/MONUMENT,639 N HIGHLAND AV
382,2306A042,1,COPPIN HEIGHTS/ASH-CO-EAST,2410 PRESBURY ST
383,1125036,1,OLIVER,1431 E FEDERAL ST
384,1127049,1,OLIVER,1520 N BROADWAY
385,1127047,1,OLIVER,1524 N BROADWAY
386,1127048,1,OLIVER,1522 N BROADWAY
387,7225031,1,CURTIS BAY,1623 LOCUST ST
388,3024023,1,PANWAY/BRADDISH AVENUE,2826 CLIFTON AVE
389,3263020,1,BURLEITH-LEIGHTON,2601 LIBERTY HEIGHTS AVE
390,2520A003,1,EDMONDSON VILLAGE,905 N WOODINGTON ROAD
391,0298100,1,DRUID HEIGHTS,505 SANFORD PL
392,0298099,1,DRUID HEIGHTS,507 SANFORD PL
393,1494044,1,BROADWAY EAST,1751 E OLIVER ST
394,1494022,1,BROADWAY EAST,1707 E OLIVER ST
395,1494041,1,BROADWAY EAST,1745 E OLIVER ST
396,1494036,1,BROADWAY EAST,1735 E OLIVER ST
397,3262C005,1,BURLEITH-LEIGHTON,3108 TIOGA PKWY
398,2538029,1,IRVINGTON,4030 WALRAD ST
399,3238006,1,PARKVIEW/WOODBROOK,2611 REISTERSTOWN ROAD
400,5551001A,1,WOODRING,3003 WOODHOME AVE
401,5804102,1,WALTHERSON,5006 ROSS ROAD
402,5930062,1,BELAIR-EDISON,4248 SHELDON AVE
403,5695015,1,GLENHAM-BELFORD,4122 WHITE AVE
404,5923044,1,BELAIR-EDISON,3338 BRENDAN AVE
405,5919049,1,BELAIR-EDISON,3318 DUDLEY AVE
406,3941B056,1,COLDSTREAM HOMESTEAD MONTEBELL,2035 E 32ND ST
407,3457039,1,RESERVOIR HILL,2412 CALLOW AVE
408,4188B036,1,BELAIR-EDISON,3129 CLIFTMONT AVE
409,3806047,1,BARCLAY,335 E 21ST ST
410,3836A012,1,HARWOOD,439 E 27TH ST
411,5915005,1,BELAIR-EDISON,3109 CHESTERFIELD AVE
412,4092004A,1,BETTER WAVERLY,910 E 30TH ST
413,5898H003J,1,ARCADIA,4408 BELAIR ROAD
414,4188B025,1,BELAIR-EDISON,3107 CLIFTMONT AVE
415,4188B060,1,BELAIR-EDISON,3130 CLIFTMONT AVE
416,2350034,1,BRIDGEVIEW/GREENLAWN,834 N BENTALOU ST
417,4019031,1,EAST BALTIMORE MIDWAY,511 E 22ND ST
418,3006016,1,WALBROOK,2796 W NORTH AVE
419,6072A026,1,CEDONIA,5412 CEDONIA AVE
420,2544010,1,IRVINGTON,4209 (Descriptive Address)
421,0390015,1,GREENMOUNT WEST,131 E NORTH AVE
422,5788012,1,WALTHERSON,3501 FRANKFORD AVE
423,3301078,1,CENTRAL PARK HEIGHTS,3411 DUPONT AV
424,1506086,1,BEREA,2612 LLEWELYN AV
425,4511A044,1,ARLINGTON,5333 CORDELIA AVE
426,4010N021,1,EAST BALTIMORE MIDWAY,2314 GARRETT AV
427,2735004,1,CENTRAL FOREST PARK,3919 MAINE AV
428,1118009,1,OLIVER,1617 N BOND ST
429,4587041,1,CENTRAL PARK HEIGHTS,3043 SPAULDING AV
430,4587040,1,,3045 SPAULDING AV
431,3057009,1,,2305 GARRISON BLVD
432,3057010,1,,2307 GARRISON BLVD
433,2931004,1,CALLAWAY-GARRISON,3705 EGERTON ROAD
434,4039031,1,,515 E 23RD ST
435,2717002,1,,4002 BOARMAN AV
436,0005011,1,SANDTOWN-WINCHESTER,1663 W NORTH AVE
437,0060005,1,SANDTOWN-WINCHESTER,1008 N MOUNT ST
438,0060049,1,SANDTOWN-WINCHESTER,1021 N FULTON AVE
439,0060050,1,SANDTOWN-WINCHESTER,1019 N FULTON AVE
440,0060066,1,SANDTOWN-WINCHESTER,1704 MOSHER ST
441,0061030,1,SANDTOWN-WINCHESTER,1045 N MOUNT ST
442,0061044,1,SANDTOWN-WINCHESTER,1017 N MOUNT ST
443,0073024,1,SANDTOWN-WINCHESTER,930 N MOUNT ST
444,0073029,1,SANDTOWN-WINCHESTER,920 N MOUNT ST
445,0073030,1,SANDTOWN-WINCHESTER,918 N MOUNT ST
446,0074002,1,SANDTOWN-WINCHESTER,929 N MOUNT ST
447,0102026,1,HARLEM PARK,1215 W LANVALE ST
448,0110043,1,HARLEM PARK,1626 EDMONDSON AVE
449,0110044,1,HARLEM PARK,1624 EDMONDSON AVE
450,0110051,1,HARLEM PARK,1610 EDMONDSON AVE
451,0117003,1,MIDTOWN-EDMONDSON,504 N PULASKI ST
452,0117004,1,MIDTOWN-EDMONDSON,506 N PULASKI ST
453,0117039,1,MIDTOWN-EDMONDSON,2100 W FRANKLIN ST
454,0118021,1,MIDTOWN-EDMONDSON,541 N PULASKI ST
455,0118022,1,MIDTOWN-EDMONDSON,543 N PULASKI ST
456,0122060,1,HARLEM PARK,1624 W FRANKLIN ST
457,0149065,1,FRANKLIN SQUARE,325 N FULTON AVE
458,0168032,1,FRANKLIN SQUARE,228 N CAREY ST
459,0177020,1,PENROSE/FAYETTE STREET OUTREACH,1947 W LEXINGTON ST
460,0177021,1,PENROSE/FAYETTE STREET OUTREACH,1949 W LEXINGTON ST
461,0199001,1,POPPLETON,1220 W BALTIMORE ST
462,0207016,1,BOYD-BOOTH,27 S PAYSON ST
463,0214006,1,FRANKLIN SQUARE,1411 W BALTIMORE ST
464,0227054,1,CARROLLTON RIDGE,38 S FULTON AVE
465,0228018,1,UNION SQUARE,1735 HOLLINS ST
466,0243057,1,CARROLLTON RIDGE,118 S FULTON AVE
467,0243058,1,CARROLLTON RIDGE,116 S FULTON AVE
468,0250063,1,HOLLINS MARKET,110 S ARLINGTON AVE
469,0262011,1,NEW SOUTHWEST/MOUNT CLARE,1621 W PRATT ST
470,0262056,1,NEW SOUTHWEST/MOUNT CLARE,230 S GILMOR ST
471,0263015,1,NEW SOUTHWEST/MOUNT CLARE,205 S GILMOR ST
472,0283019,1,WASHINGTON VILLAGE/PIGTOWN,855 MCHENRY ST
473,0300C070,1,SANDTOWN-WINCHESTER,1551 N WOODYEAR ST
474,0302058,1,DRUID HEIGHTS,554 GOLD ST
475,0314017,1,DRUID HEIGHTS,2032 DRUID HILL AVE
476,0321001,1,DRUID HEIGHTS,1900 DRUID HILL AVE
477,0321072,1,DRUID HEIGHTS,1900 ETTING ST
478,0321095,1,DRUID HEIGHTS,1915 ETTING ST
479,0323025,1,MADISON PARK,1917 MCCULLOH ST
480,0329006,1,DRUID HEIGHTS,1810 MCCULLOH ST
481,0339005,1,UPTON,1708 DRUID HILL AVE
482,0342025,1,MADISON PARK,1700 EUTAW PL
483,0348027,1,UPTON,1633 DIVISION ST
484,0368030,1,BOLTON HILL,1511 BOLTON ST
485,0376022,1,UPTON,515 MOSHER ST
486,0376029,1,UPTON,1411 DIVISION ST
487,0378030,1,MADISON PARK,1403 MCCULLOH ST
488,0387018,1,CHARLES NORTH,101 W NORTH AVE
489,0388019,1,CHARLES NORTH,29 W NORTH AVE
490,0410038,1,GREENMOUNT WEST,1708 GUILFORD AVE
491,0430035,1,UPTON,836 HARLEM AVE
492,0452044,1,UPTON,859 HARLEM AVE
493,0547A009,1,SETON HILL,420 W FRANKLIN ST
494,0576036,1,DOWNTOWN,320 N EUTAW ST
495,0595025,1,DOWNTOWN,411 W SARATOGA ST
496,0643008,1,DOWNTOWN,311 W BALTIMORE ST
497,0703010,1,CARROLLTON RIDGE,2019 WILKENS AVE
498,0706013,1,NEW SOUTHWEST/MOUNT CLARE,1725 WILKENS AVE
499,0707029,1,NEW SOUTHWEST/MOUNT CLARE,1628 COLE ST
500,0707030,1,NEW SOUTHWEST/MOUNT CLARE,1630 COLE ST
501,0718026,1,CARROLLTON RIDGE,600 S PULASKI ST
502,0719B020,1,CARROLLTON RIDGE,638 S MONROE ST
503,0719B027,1,CARROLLTON RIDGE,605 S PAYSON ST
504,0758079,1,WASHINGTON VILLAGE/PIGTOWN,912 S CAREY ST
505,0850017,1,WASHINGTON VILLAGE/PIGTOWN,911 WASHINGTON BLVD
506,0856A069,1,WASHINGTON VILLAGE/PIGTOWN,627 ARCHER ST
507,0856A070,1,WASHINGTON VILLAGE/PIGTOWN,629 ARCHER ST
508,0858042,1,WASHINGTON VILLAGE/PIGTOWN,768 W HAMBURG ST
509,0858141,1,WASHINGTON VILLAGE/PIGTOWN,815 MANGOLD ST
510,1095056,1,GREENMOUNT WEST,312 E LAFAYETTE AVE
511,1096006,1,GREENMOUNT WEST,428 E LAFAYETTE AVE
512,1096009,1,GREENMOUNT WEST,422 E LAFAYETTE AVE
513,1103027,1,GREENMOUNT WEST,319 E LAFAYETTE AVE
514,1103045,1,GREENMOUNT WEST,320 E LANVALE ST
515,1109035,1,OLIVER,1624 E LANVALE ST
516,1125010,1,OLIVER,1422 E OLIVER ST
517,1125011,1,OLIVER,1424 E OLIVER ST
518,1127037,1,OLIVER,1631 E FEDERAL ST
519,1127050,1,OLIVER,1518 N BROADWAY
520,1138034,1,OLIVER,1631 E OLIVER ST
521,1138035,1,OLIVER,1633 E OLIVER ST
522,1161042,1,OLIVER,1200 N EDEN ST
523,1175027,1,JOHNSTON SQUARE,1116 N EDEN ST
524,1177001,1,GAY STREET,1122 N BOND ST
525,1177002,1,GAY STREET,1120 N BOND ST
526,1184038,1,JOHNSTON SQUARE,943 E CHASE ST
527,1184044,1,JOHNSTON SQUARE,931 E CHASE ST
528,1184047,1,JOHNSTON SQUARE,925 E CHASE ST
529,1189001,1,JOHNSTON SQUARE,1050 N EDEN ST
530,1237002,1,OLDTOWN,914 E MONUMENT ST
531,1284011,1,JONESTOWN,353 N GAY ST
532,1284012,1,JONESTOWN,351 N GAY ST
533,1284013,1,JONESTOWN,347 N GAY ST
534,1284014,1,JONESTOWN,343 N GAY ST
535,1320001,1,PLEASANT VIEW GARDENS,200 N CENTRAL AVE
536,1320001A,1,PLEASANT VIEW GARDENS,249 AISQUITH ST
537,1331002,1,DOWNTOWN,404 E BALTIMORE ST
538,1345007,1,WASHINGTON HILL,1512 E BALTIMORE ST
539,1395023,1,WASHINGTON HILL,116 S BROADWAY
540,1395024,1,WASHINGTON HILL,114 S BROADWAY
541,1416035,1,WASHINGTON HILL,250 S EDEN ST
542,1445001,1,FELLS POINT,500 S BROADWAY
543,1466074,1,BROADWAY EAST,1708 E FEDERAL ST
544,1466078,1,BROADWAY EAST,1700 E FEDERAL ST
545,1468020,1,BROADWAY EAST,1639 N WOLFE ST
546,1471030,1,BROADWAY EAST,2120 E FEDERAL ST
547,1487005,1,BEREA,2608 E OLIVER ST
548,1494020,1,BROADWAY EAST,1703 E OLIVER ST
549,1494039,1,BROADWAY EAST,1741 E OLIVER ST
550,1494065,1,BROADWAY EAST,1720 LLEWELYN AVE
551,1494080,1,BROADWAY EAST,1752 LLEWELYN AVE
552,1503005,1,BROADWAY EAST,1409 N PATTERSON PARK AVE
553,1506010,1,BEREA,2618 E HOFFMAN ST
554,1506030,1,BEREA,1410 N LAKEWOOD AVE
555,1509027,1,BEREA,1420 N POTOMAC ST
556,1533036,1,BROADWAY EAST,2037 E PRESTON ST
557,1534005,1,BROADWAY EAST,2108 E BIDDLE ST
558,1538013,1,BEREA,1213 N MILTON AVE
559,1544028,1,BEREA,3113 E PRESTON ST
560,1553038,1,MIDDLE EAST,2245 E BIDDLE ST
561,1569029,1,MIDDLE EAST,1028 N COLLINGTON AVE
562,1570041,1,MIDDLE EAST,1006 N PATTERSON PARK AVE
563,1591062,1,MILTON-MONTFORD,2402 ASHLAND AVE
564,1608016,1,MILTON-MONTFORD,831 N MONTFORD AVE
565,1608036,1,MILTON-MONTFORD,2423 ASHLAND AVE
566,1621016,1,MIDDLE EAST,731 N CHESTER ST
567,1621061,1,MIDDLE EAST,706 N DUNCAN ST
568,1621077,1,MIDDLE EAST,709 N DUNCAN ST
569,1646034E,1,ELLWOOD PARK/MONUMENT,614 N ELLWOOD AVE
570,1647001,1,ELLWOOD PARK/MONUMENT,601 N ELLWOOD AVE
571,1647001I,1,ELLWOOD PARK/MONUMENT,619 N ELLWOOD AVE
572,1653019,1,CARE,504 N PATTERSON PARK AVE
573,1653044,1,CARE,2229 MCELDERRY ST
574,1655034,1,MCELDERRY PARK,530 N MILTON AVE
575,1656055,1,MCELDERRY PARK,2502 JEFFERSON ST
576,1670021,1,CARE,2219 JEFFERSON ST
577,1670057,1,CARE,400 N PATTERSON PARK AVE
578,1672045,1,MCELDERRY PARK,434 N MILTON AVE
579,1674080,1,MCELDERRY PARK,435 N GLOVER ST
580,1677059,1,ELLWOOD PARK/MONUMENT,435 N CURLEY ST
581,1677063,1,ELLWOOD PARK/MONUMENT,427 N CURLEY ST
582,1678043,1,ELLWOOD PARK/MONUMENT,455 N ROBINSON ST
583,1688067,1,CARE,2204 E FAYETTE ST
584,1688074,1,CARE,2206 MULLIKIN ST
585,1691040,1,MCELDERRY PARK,214 N LUZERNE AVE
586,1691091,1,MCELDERRY PARK,244 N ROSE ST
587,1706015,1,BUTCHER'S HILL,2205 E FAYETTE ST
588,1711104,1,PATTERSON PARK NEIGHBORHOOD,129 N BELNORD AVE
589,1712106,1,PATTERSON PARK NEIGHBORHOOD,147 N STREEPER ST
590,1744069,1,UPPER FELLS POINT,1743 E LOMBARD ST
591,1746045,1,UPPER FELLS POINT,125 S WOLFE ST
592,1750086,1,PATTERSON PARK NEIGHBORHOOD,128 S CURLEY ST
593,1754088,1,UPPER FELLS POINT,208 S DURHAM ST
594,1761155,1,HIGHLANDTOWN,266 S EAST AVE
595,1764048,1,UPPER FELLS POINT,1904 BANK ST
596,1767067,1,UPPER FELLS POINT,303 S MADEIRA ST
597,1772064,1,UPPER FELLS POINT,410 S DURHAM ST
598,1828057,1,FELLS POINT,1733 FLEET ST
599,1828065,1,FELLS POINT,1709 FLEET ST
600,1835036,1,CANTON,2215 FLEET ST
601,1838009,1,CANTON,616 S LUZERNE AVE
602,1849024,1,CANTON,2300 CAMBRIDGE ST
603,1883008,1,CANTON,1015 S KENWOOD AVE
604,1883044,1,CANTON,1015 S STREEPER ST
605,1924C048,1,RIVERSIDE,533 E GITTINGS ST
606,2140002,1,MILLHILL,2609 FREDERICK AVE
607,2252034,1,SAINT JOSEPHS,122 S CULVER ST
608,2281B003,1,LOWER EDMONDSON VILLAGE,404 N HILTON ST
609,2283016,1,LOWER EDMONDSON VILLAGE,3433 EDMONDSON AVE
610,2294006,1,ALLENDALE,3931 EDMONDSON AVE
611,2295001,1,ALLENDALE,4023 EDMONDSON AVE
612,2350057,1,BRIDGEVIEW/GREENLAWN,2310 CALVERTON HEIGHTS AVE
613,2359018,1,EVERGREEN LAWN,2403 CALVERTON HEIGHTS AVE
614,2362053,1,EVERGREEN LAWN,2501 HARLEM AVE
615,2362068,1,EVERGREEN LAWN,2531 HARLEM AVE
616,2365034,1,BRIDGEVIEW/GREENLAWN,2511 MOSHER ST
617,2366028,1,BRIDGEVIEW/GREENLAWN,2542 MOSHER ST
618,2393062,1,WINCHESTER,2707 WINCHESTER ST
619,2401A013,1,COPPIN HEIGHTS/ASH-CO-EAST,2725 W NORTH AVE
620,2402010,1,COPPIN HEIGHTS/ASH-CO-EAST,2767 W NORTH AVE
621,2402017,1,COPPIN HEIGHTS/ASH-CO-EAST,2753 W NORTH AVE
622,2402018,1,COPPIN HEIGHTS/ASH-CO-EAST,2751 W NORTH AVE
623,2402024,1,COPPIN HEIGHTS/ASH-CO-EAST,2739 W NORTH AVE
624,2402025,1,COPPIN HEIGHTS/ASH-CO-EAST,2737 W NORTH AVE
625,2447055,1,WINCHESTER,1012 ELLICOTT DRIVEWAY
626,2482B032,1,FRANKLINTOWN ROAD,608 POPLAR GROVE ST
627,2483032,1,EDGEWOOD,632 N HILTON ST
628,2484008,1,EDGEWOOD,3414 EDMONDSON AVE
629,2484017,1,EDGEWOOD,3432 EDMONDSON AVE
630,2485031,1,EDGEWOOD,604 LINNARD ST
631,2485046,1,EDGEWOOD,607 N GRANTLEY ST
632,2489005,1,EDMONDSON VILLAGE,3908 EDMONDSON AVE
633,2503019,1,EDGEWOOD,734 N EDGEWOOD ST
634,2503051,1,EDGEWOOD,721 LINNARD ST
635,2504021,1,EDGEWOOD,740 LINNARD ST
636,2504089,1,EDGEWOOD,779 N GRANTLEY ST
637,2505003,1,EDGEWOOD,704 N GRANTLEY ST
638,2505A089,1,EDGEWOOD,778 N GRANTLEY ST
639,2535007,1,IRVINGTON,300 S AUGUSTA AVE
640,2539002,1,IRVINGTON,202 S LOUDON AVE
641,2539025,1,IRVINGTON,264 S LOUDON AVE
642,2541018,1,IRVINGTON,11 S AUGUSTA AVE
643,2542017,1,IRVINGTON,212 S COLLINS AVE
644,2542018,1,IRVINGTON,214 S COLLINS AVE
645,2544010,1,IRVINGTON,4209 MASSACHUSETTS AVE
646,2700007,1,WEST ARLINGTON,4701 W BELVEDERE AVE
647,2718010,1,DORCHESTER,4003 BOARMAN AVE
648,2718022,1,DORCHESTER,4027 BOARMAN AVE
649,2735004,1,CENTRAL FOREST PARK,3919 MAINE AVE
650,2740008,1,CENTRAL FOREST PARK,3307 OAKFIELD AVE
651,2742020,1,CONCERNED CITIZENS OF FOREST PARK,3924 NORFOLK AVE
652,2750A018,1,CONCERNED CITIZENS OF FOREST PARK,4016 FAIRFAX ROAD
653,2752A012,1,CONCERNED CITIZENS OF FOREST PARK,3100 CHELSEA TERR
654,2812017,1,MOUNT HOLLY,2215 ROSLYN AVE
655,2826C003,1,WINDSOR HILLS,2404 CHELSEA TERR
656,2849034,1,WINDSOR HILLS,4033 WOODHAVEN AVE
657,2852020,1,WINDSOR HILLS,4007 DUVALL AVE
658,2856001,1,WINDSOR HILLS,2807 LAWINA ROAD
659,2856012,1,WINDSOR HILLS,2900 N LOUDON AVE
660,2903015,1,FOREST PARK,3604 SPRINGDALE AVE
661,2911002,1,FOREST PARK,3541 LIBERTY HEIGHTS AVE
662,2913002B,1,FOREST PARK,3304 N HILTON ST
663,2921001,1,FOREST PARK,3625 FAIRVIEW AVE
664,2934004,1,CALLAWAY-GARRISON,3601 GARRISON BLVD
665,2959B053,1,DOLFIELD,3936 DOLFIELD AVE
666,2960052,1,DOLFIELD,4305 GARRISON BLVD
667,2960062,1,DOLFIELD,3900 RIDGEWOOD AVE
668,3006017,1,WALBROOK,2796 1/2 W NORTH AVE
669,3008030,1,PANWAY/BRADDISH AVENUE,2027 BRADDISH AVE
670,3022007,1,WALBROOK,3021 WINDSOR AVE
671,3022020,1,WALBROOK,2104 N LONGWOOD ST
672,3022021,1,WALBROOK,3000 CLIFTON AVE
673,3022022,1,WALBROOK,3002 CLIFTON AVE
674,3036005,1,WALBROOK,3301 ELGIN AVE
675,3039025,1,WALBROOK,3312 ELGIN AVE
676,3057009,1,HANLON-LONGWOOD,2305 GARRISON BLVD
677,3057010,1,HANLON-LONGWOOD,2307 GARRISON BLVD
678,3067017,1,HANLON-LONGWOOD,3313 POWHATAN AVE
679,3100D026,1,EAST ARLINGTON,3246 SEQUOIA AVE
680,3230020,1,PARKVIEW/WOODBROOK,2818 AUCHENTOROLY TERR
681,3233017,1,PARKVIEW/WOODBROOK,2305 WHITTIER AVE
682,3233018,1,PARKVIEW/WOODBROOK,2303 WHITTIER AVE
683,3233019,1,PARKVIEW/WOODBROOK,2301 WHITTIER AVE
684,3234025,1,PARKVIEW/WOODBROOK,2310 WHITTIER AVE
685,3235016,1,PARKVIEW/WOODBROOK,1605 GWYNNS FALLS PKWY
686,3235033,1,PARKVIEW/WOODBROOK,1641 GWYNNS FALLS PKWY
687,3235038,1,PARKVIEW/WOODBROOK,2322 BRYANT AVE
688,3236026A,1,PARKVIEW/WOODBROOK,3446 AUCHENTOROLY TERR
689,3239008,1,PARKVIEW/WOODBROOK,1634 GWYNNS FALLS PKWY
690,3240007,1,PARKVIEW/WOODBROOK,1712 GWYNNS FALLS PKWY
691,3241020,1,PARKVIEW/WOODBROOK,2206 BRYANT AVE
692,3242010,1,PARKVIEW/WOODBROOK,2204 WHITTIER AVE
693,3250032,1,LIBERTY SQUARE,2412 LIBERTY HEIGHTS AVE
694,3252005,1,LIBERTY SQUARE,3012 REISTERSTOWN ROAD
695,3252012,1,LIBERTY SQUARE,2304 OCALA AVE
696,3263019,1,BURLEITH-LEIGHTON,2523 LIBERTY HEIGHTS AVE
697,3265A013,1,MONDAWMIN,2432 REISTERSTOWN ROAD
698,3307A013,1,CENTRAL PARK HEIGHTS,4227 PARK HEIGHTS AVE
699,3307A014,1,CENTRAL PARK HEIGHTS,4229 PARK HEIGHTS AVE
700,3307A017,1,CENTRAL PARK HEIGHTS,4235 PARK HEIGHTS AVE
701,3321011,1,CENTRAL PARK HEIGHTS,3920 PARK HEIGHTS AVE
702,3322041,1,PARK CIRCLE,3809 REISTERSTOWN ROAD
703,3324004,1,PARK CIRCLE,3606 PARK HEIGHTS AVE
704,3325005,1,PARK CIRCLE,3508 PARK HEIGHTS AVE
705,3326004,1,PARK CIRCLE,3406 PARK HEIGHTS AVE
706,3327A032,1,PARK CIRCLE,2621 VIOLET AVE
707,3327C021,1,PARK CIRCLE,3429 PARK HEIGHTS AVE
708,3327C029,1,PARK CIRCLE,3413 PARK HEIGHTS AVE
709,3327C035,1,PARK CIRCLE,3401 PARK HEIGHTS AVE
710,3335003,1,PARK CIRCLE,3705 PARK HEIGHTS AVE
711,3335019,1,PARK CIRCLE,3737 PARK HEIGHTS AVE
712,3341016,1,GREENSPRING,3831 PARK HEIGHTS AVE
713,3341018,1,GREENSPRING,3835 PARK HEIGHTS AVE
714,3347F034,1,GREENSPRING,2625 LOYOLA NORTHWAY
715,3347F041,1,GREENSPRING,2611 LOYOLA NORTHWAY
716,3347F045,1,GREENSPRING,4202 PALL MALL ROAD
717,3349012,1,GREENSPRING,2620 LOYOLA NORTHWAY
718,3349A016,1,GREENSPRING,2540 BOARMAN AVE
719,3350A032A,1,PARKLANE,2554 W COLD SPRING LANE
720,3357H011,1,WOODBERRY,2276 DRUID PARK DR
721,3404027,1,PENN NORTH,2552 WOODBROOK AVE
722,3422027,1,RESERVOIR HILL,2328 MADISON AVE
723,3423009,1,RESERVOIR HILL,1130 W NORTH AVE
724,3424042,1,RESERVOIR HILL,2342 EUTAW PL
725,3427031,1,RESERVOIR HILL,2247 EUTAW PL
726,3445021,1,RESERVOIR HILL,811 NEWINGTON AVE
727,3445040,1,RESERVOIR HILL,2217 BROOKFIELD AVE
728,3453001J,1,RESERVOIR HILL,2427 CALLOW AVE
729,3453027,1,RESERVOIR HILL,2304 MOUNT ROYAL TERR
730,3454004,1,RESERVOIR HILL,2319 CALLOW AVE
731,3454010,1,RESERVOIR HILL,2307 CALLOW AVE
732,3457004,1,RESERVOIR HILL,806 WHITELOCK ST
733,3457005,1,RESERVOIR HILL,808 WHITELOCK ST
734,3457015,1,RESERVOIR HILL,2409 LAKEVIEW AVE
735,3457029I,1,RESERVOIR HILL,2438 CALLOW AVE
736,3457042,1,RESERVOIR HILL,2406 CALLOW AVE
737,3459021,1,RESERVOIR HILL,912 NEWINGTON AVE
738,3461001,1,RESERVOIR HILL,916 WHITELOCK ST
739,3461004,1,RESERVOIR HILL,914 WHITELOCK ST
740,3461018,1,RESERVOIR HILL,2412 LAKEVIEW AVE
741,3461042,1,RESERVOIR HILL,2407 BROOKFIELD AVE
742,3463D025,1,RESERVOIR HILL,948 BROOKS LANE
743,3463E016D,1,RESERVOIR HILL,816 BROOKS LANE
744,3552011,1,HAMPDEN,3733 FALLS ROAD
745,3552012,1,HAMPDEN,3735 FALLS ROAD
746,3630A031,1,REMINGTON,2650 MILES AVE
747,3638044,1,CHARLES VILLAGE,2606 MARYLAND AVE
748,3638045,1,CHARLES VILLAGE,2604 MARYLAND AVE
749,3644043,1,REMINGTON,2710 HUNTINGDON AVE
750,3649019,1,CHARLES VILLAGE,2836 MARYLAND AVE
751,3649040,1,CHARLES VILLAGE,2811 N HOWARD ST
752,3723037,1,GUILFORD,3718 GREENMOUNT AVE
753,3732A035,1,OAKENSHAWE,200 E UNIVERSITY PKWY
754,3801007,1,BARCLAY,1913 SAINT PAUL ST
755,3801012,1,BARCLAY,1923 SAINT PAUL ST
756,3801014,1,BARCLAY,1927 SAINT PAUL ST
757,3805035,1,BARCLAY,415 E 21ST ST
758,3805037,1,BARCLAY,419 E 21ST ST
759,3805038,1,BARCLAY,421 E 21ST ST
760,3806054,1,BARCLAY,349 E 21ST ST
761,3813055,1,BARCLAY,318 E 21ST ST
762,3813056,1,BARCLAY,316 E 21ST ST
763,3814018,1,BARCLAY,413 E 22ND ST
764,3814053,1,BARCLAY,430 E 21ST ST
765,3823001A,1,BARCLAY,2315 GUILFORD AVE
766,3823032,1,BARCLAY,2336 BARCLAY ST
767,3823036,1,BARCLAY,2328 BARCLAY ST
768,3823049,1,BARCLAY,312 E 23RD ST
769,3823050,1,BARCLAY,310 E 23RD ST
770,3825010,1,BARCLAY,449 E 25TH ST
771,3825016,1,BARCLAY,2458 GREENMOUNT AVE
772,3825042,1,BARCLAY,2427 BRENTWOOD AVE
773,3825050,1,BARCLAY,2461 BRENTWOOD AVE
774,3826005,1,BARCLAY,2409 BARCLAY ST
775,3826057,1,BARCLAY,2430 BRENTWOOD AVE
776,3826065,1,BARCLAY,2414 BRENTWOOD AVE
777,3826072,1,BARCLAY,2400 BRENTWOOD AVE
778,3827015,1,BARCLAY,2429 GUILFORD AVE
779,3829043,1,BARCLAY,118 E 24TH ST
780,3836A013,1,HARWOOD,437 E 27TH ST
781,3836A014,1,HARWOOD,435 E 27TH ST
782,3836A015,1,HARWOOD,433 E 27TH ST
783,3836A065,1,HARWOOD,433 E LORRAINE AVE
784,3836A099,1,HARWOOD,2639 BARCLAY ST
785,3845008E,1,HARWOOD,407 E 28TH ST
786,3845045,1,HARWOOD,439 WHITRIDGE AVE
787,3855016,1,ABELL,2956 GREENMOUNT AVE
788,3872B018,1,OAKENSHAWE,329 E UNIVERSITY PKWY
789,3877014,1,ABELL,3224 ABELL AVE
790,3884013,1,OAKENSHAWE,419 CALVIN AVE
791,3903A046,1,WAVERLY,515 E 39TH ST
792,3913060,1,PEN LUCY,614 DUMBARTON AVE
793,3913063,1,PEN LUCY,620 DUMBARTON AVE
794,3913B005,1,PEN LUCY,608 WYANOKE AVE
795,3953027,1,COLDSTREAM HOMESTEAD MONTEBELLO,1600 E 29TH ST
796,3954028,1,COLDSTREAM HOMESTEAD MONTEBELLO,1727 E 30TH ST
797,3956002,1,COLDSTREAM HOMESTEAD MONTEBELLO,3003 THE ALAMEDA
798,3956038,1,COLDSTREAM HOMESTEAD MONTEBELLO,1622 E 30TH ST
799,3960029,1,COLDSTREAM HOMESTEAD MONTEBELLO,1725 E 32ND ST
800,3965066,1,COLDSTREAM HOMESTEAD MONTEBELLO,1650 CHILTON ST
801,3973D009,1,PEN LUCY,4217 IVANHOE AVE
802,4004040,1,EAST BALTIMORE MIDWAY,1907 CECIL AVE
803,4018021,1,EAST BALTIMORE MIDWAY,2006 BOONE ST
804,4018022,1,EAST BALTIMORE MIDWAY,2008 BOONE ST
805,4019004,1,EAST BALTIMORE MIDWAY,506 E 21ST ST
806,4019023,1,EAST BALTIMORE MIDWAY,527 E 22ND ST
807,4020006,1,EAST BALTIMORE MIDWAY,710 E 21ST ST
808,4039006,1,EAST BALTIMORE MIDWAY,534 E 22ND ST
809,4039008,1,EAST BALTIMORE MIDWAY,538 E 22ND ST
810,4039010,1,EAST BALTIMORE MIDWAY,542 E 22ND ST
811,4049B012,1,WAVERLY,3346 OLD YORK ROAD
812,4049C028,1,WAVERLY,3414 OLD YORK ROAD
813,4049C034,1,WAVERLY,3402 OLD YORK ROAD
814,4050E021,1,WAVERLY,811 VENABLE AVE
815,4051A017,1,BETTER WAVERLY,815 E 33RD ST
816,4053043,1,WAVERLY,3312 WESTERWALD AVE
817,4056041,1,WAVERLY,3517 OLD YORK ROAD
818,4057A060,1,WAVERLY,737 E 36TH ST
819,4059A008,1,WAVERLY,714 MCKEWIN AVE
820,4070A020,1,BETTER WAVERLY,2635 GREENMOUNT AVE
821,4070A038,1,BETTER WAVERLY,519 E 27TH ST
822,4070A063,1,BETTER WAVERLY,2607 BOONE ST
823,4070A065,1,BETTER WAVERLY,2611 BOONE ST
824,4070A075,1,BETTER WAVERLY,2631 BOONE ST
825,4071020,1,BETTER WAVERLY,505 E 28TH ST
826,4071025,1,BETTER WAVERLY,515 E 28TH ST
827,4071040,1,BETTER WAVERLY,534 E 27TH ST
828,4071045,1,BETTER WAVERLY,524 E 27TH ST
829,4072A054,1,BETTER WAVERLY,2924 LIMOND PL
830,4079003,1,BETTER WAVERLY,708 HOMESTEAD ST
831,4092016,1,BETTER WAVERLY,2938 INDEPENDENCE ST
832,4109009D,1,COLDSTREAM HOMESTEAD MONTEBELLO,2638 KIRK AVE
833,4114A005,1,COLDSTREAM HOMESTEAD MONTEBELLO,2519 AISQUITH ST
834,4114A047,1,COLDSTREAM HOMESTEAD MONTEBELLO,2653 AISQUITH ST
835,4114B001,1,COLDSTREAM HOMESTEAD MONTEBELLO,2601 ROBB ST
836,4114E047,1,COLDSTREAM HOMESTEAD MONTEBELLO,2632 ROBB ST
837,4114F008,1,COLDSTREAM HOMESTEAD MONTEBELLO,2525 GARRETT AVE
838,4114G031,1,COLDSTREAM HOMESTEAD MONTEBELLO,1547 MONTPELIER ST
839,4114G033,1,COLDSTREAM HOMESTEAD MONTEBELLO,1551 MONTPELIER ST
840,4114H009,1,COLDSTREAM HOMESTEAD MONTEBELLO,2617 KIRK AVE
841,4114H038,1,COLDSTREAM HOMESTEAD MONTEBELLO,2600 CECIL AVE
842,4114H044,1,COLDSTREAM HOMESTEAD MONTEBELLO,2612 CECIL AVE
843,4114I024,1,COLDSTREAM HOMESTEAD MONTEBELLO,2556 GARRETT AVE
844,4114I060,1,COLDSTREAM HOMESTEAD MONTEBELLO,2526 CECIL AVE
845,4123A009,1,COLDSTREAM HOMESTEAD MONTEBELLO,2548 HARFORD ROAD
846,4150017,1,BELAIR-EDISON,2832 PELHAM AVE
847,4175A003,1,SOUTH CLIFTON PARK,1940 BELAIR ROAD
848,4178A007,1,FOUR BY FOUR,2013 BELAIR ROAD
849,4178B006,1,FOUR BY FOUR,2111 BELAIR ROAD
850,4178B033,1,FOUR BY FOUR,3163 LYNDALE AVE
851,4178E067,1,BELAIR-EDISON,3220 ELMLEY AVE
852,4178H031,1,BELAIR-EDISON,3317 ELMLEY AVE
853,4178H036,1,BELAIR-EDISON,3327 ELMLEY AVE
854,4179D072,1,BELAIR-EDISON,3445 CLIFTMONT AVE
855,4179D097,1,BELAIR-EDISON,3404 ERDMAN AVE
856,4179F041,1,BELAIR-EDISON,3411 JUNEWAY
857,4179K035,1,BELAIR-EDISON,3721 ELMLEY AVE
858,4188B053,1,BELAIR-EDISON,3116 CLIFTMONT AVE
859,4188C021,1,BELAIR-EDISON,3241 CLIFTMONT AVE
860,4190A014,1,BELAIR-EDISON,2926 CLIFTON PARK TERR
861,4198C044,1,ARCADIA,3024 WEAVER AVE
862,4416023,1,REISTERSTOWN STATION,4101 SUNNYSIDE AVE
863,4441028,1,GLEN,3401 GLEN AVE
864,4441A014,1,GLEN,5814 CLOVER ROAD
865,4511007,1,ARLINGTON,5334 BEAUFORT AVE
866,4511B042,1,ARLINGTON,5317 NELSON AVE
867,4511D045,1,WOODMERE,4040 HAYWARD AVE
868,4526035,1,ARLINGTON,5318 DENMORE AVE
869,4536A030,1,PIMLICO GOOD NEIGHBORS,5313 HAMLIN AVE
870,4536A032,1,PIMLICO GOOD NEIGHBORS,5317 HAMLIN AVE
871,4543A025,1,WOODMERE,5234 SAINT CHARLES AVE
872,4544C017,1,ARLINGTON,3613 HAYWARD AVE
873,4575019,1,LANGSTON HUGHES,3703 W BELVEDERE AVE
874,4580035,1,CENTRAL PARK HEIGHTS,3306 SPAULDING AVE
875,4585002,1,CENTRAL PARK HEIGHTS,3102 W GARRISON AVE
876,4587027,1,CENTRAL PARK HEIGHTS,3069 SPAULDING AVE
877,4587031,1,CENTRAL PARK HEIGHTS,3063 SPAULDING AVE
878,4587036,1,CENTRAL PARK HEIGHTS,3053 SPAULDING AVE
879,4587037,1,CENTRAL PARK HEIGHTS,3051 SPAULDING AVE
880,4587040,1,CENTRAL PARK HEIGHTS,3045 SPAULDING AVE
881,4587041,1,CENTRAL PARK HEIGHTS,3043 SPAULDING AVE
882,4587051,1,CENTRAL PARK HEIGHTS,3023 SPAULDING AVE
883,4603016,1,CENTRAL PARK HEIGHTS,3501 OAKMONT AVE
884,4613001A,1,CENTRAL PARK HEIGHTS,3002 OAKLEY AVE
885,4613011,1,CENTRAL PARK HEIGHTS,3031 W GARRISON AVE
886,4613012,1,CENTRAL PARK HEIGHTS,3029 W GARRISON AVE
887,4616072,1,CENTRAL PARK HEIGHTS,3019 OAKLEY AVE
888,4616085,1,CENTRAL PARK HEIGHTS,2925 OAKLEY AVE
889,4616093,1,CENTRAL PARK HEIGHTS,2909 OAKLEY AVE
890,4616098Q,1,CENTRAL PARK HEIGHTS,4822 PIMLICO ROAD
891,4616098T,1,CENTRAL PARK HEIGHTS,4816 PIMLICO ROAD
892,4744051,1,LEVINDALE,2719 SPAULDING AVE
893,4812068,1,PARKLANE,4600 PALL MALL ROAD
894,4813B033,1,PARKLANE,2927 EDGECOMBE CIRCLE NORTH
895,4911A015,1,ROLAND PARK,4711 FALLS ROAD
896,4983G001,1,HOMELAND,5437 SPRINGLAKE WAY
897,4983G027,1,HOMELAND,312 TAPLOW ROAD
898,5053017,1,KERNEWOOD,4632 YORK ROAD
899,5053026,1,KERNEWOOD,4652 YORK ROAD
900,5053028,1,KERNEWOOD,4656 YORK ROAD
901,5053029,1,KERNEWOOD,4658 YORK ROAD
902,5053033,1,KERNEWOOD,4666 YORK ROAD
903,5148A043,1,MID-GOVANS,5617 READY AVE
904,5149024,1,MID-GOVANS,504 TUNBRIDGE ROAD
905,5152015,1,MID-GOVANS,5410 READY AVE
906,5152017,1,MID-GOVANS,529 TUNBRIDGE ROAD
907,5152028,1,MID-GOVANS,507 TUNBRIDGE ROAD
908,5152A015,1,MID-GOVANS,702 WOODBOURNE AVE
909,5158046,1,WOODBOURNE-MCCABE,519 SHERIDAN AVE
910,5165071,1,WINSTON-GOVANS,703 MCCABE AVE
911,5165091,1,WINSTON-GOVANS,509 MCCABE AVE
912,5165B012,1,WOODBOURNE-MCCABE,622 MCCABE AVE
913,5172008B,1,KENILWORTH PARK,5203 KENILWORTH AVE
914,5173016,1,WINSTON-GOVANS,503 BEAUMONT AVE
915,5173069,1,WINSTON-GOVANS,529 CHATEAU AVE
916,5173A009,1,WINSTON-GOVANS,5106 IVANHOE AVE
917,5183081,1,RICHNOR SPRINGS,731 RICHWOOD AVE
918,5200012,1,WILSON PARK,4425 WRENWOOD AVE
919,5213036,1,RICHNOR SPRINGS,528 RICHWOOD AVE
920,5267C024,1,NEW NORTHWOOD,4603 MARBLE HALL ROAD
921,5366006,1,LAURAVILLE,4906 HARFORD ROAD
922,5384B016,1,LAURAVILLE,2725 E STRATHMORE AVE
923,5394001,1,HAMILTON HILLS,2709 GIBBONS AVE
924,5412A001,1,HAMILTON HILLS,2820 HAMILTON AVE
925,5415023,1,HAMILTON HILLS,2908 BAYONNE AVE
926,5415028,1,HAMILTON HILLS,2920 BAYONNE AVE
927,5415030,1,HAMILTON HILLS,5700 HARFORD ROAD
928,5476018,1,NORTH HARFORD ROAD,2915 ROSALIE AVE
929,5551001A,1,NORTH HARFORD ROAD,3003 WOODHOME AVE
930,5603G047,1,ROSEMONT EAST,6609 HILLTOP AVE
931,5686016,1,GLENHAM-BELHAR,3514 MARY AVE
932,5715007B,1,CEDMONT,6227 BELAIR ROAD
933,5748037,1,CEDMONT,4313 GLENARM AVE
934,5797A008,1,WALTHERSON,3301 ECHODALE AVE
935,5804053,1,WALTHERSON,4912 HOLDER AVE
936,5818A002,1,WALTHERSON,5502 HILLTOP AVE
937,5841029,1,WALTHERSON,5118 ARDMORE WAY
938,5843008,1,WALTHERSON,4010 CHESMONT AVE
939,5845A010,1,WALTHERSON,5118 BELAIR ROAD
940,5845C008,1,WALTHERSON,4916 BELAIR ROAD
941,5898H060,1,ARCADIA,4003 EIERMAN AVE
942,5913002,1,BELAIR-EDISON,3601 BELAIR ROAD
943,5926039,1,BELAIR-EDISON,4229 SHAMROCK AVE
944,5930049,1,BELAIR-EDISON,4222 SHELDON AVE
945,5934A044,1,BELAIR-EDISON,4246 NICHOLAS AVE
946,6050004,1,FRANKFORD,5607 FORCE ROAD
947,6111056,1,BELAIR-EDISON,4008 LYNDALE AVE
948,6155013,1,ELLWOOD PARK/MONUMENT,524 N EAST AVE
949,6265054,1,PATTERSON PARK NEIGHBORHOOD,29 N CLINTON ST
950,6270042,1,BALTIMORE HIGHLANDS,218 N CONKLING ST
951,6271031,1,BALTIMORE HIGHLANDS,3519 E FAYETTE ST
952,6286049,1,BALTIMORE HIGHLANDS,3621 E LOMBARD ST
953,6287039,1,BALTIMORE HIGHLANDS,120 S EATON ST
954,6287077,1,BALTIMORE HIGHLANDS,105 S DEAN ST
955,6289061,1,BALTIMORE HIGHLANDS,3407 MOUNT PLEASANT AVE
956,6289062,1,BALTIMORE HIGHLANDS,3405 MOUNT PLEASANT AVE
957,6303042,1,HIGHLANDTOWN,236 S EATON ST
958,6303049,1,HIGHLANDTOWN,250 S EATON ST
959,6304004,1,HIGHLANDTOWN,207 S EATON ST
960,6304021,1,HIGHLANDTOWN,3810 CLAREMONT ST
961,6311033,1,HIGHLANDTOWN,307 S EATON ST
962,6313A041,1,HIGHLANDTOWN,300 S CONKLING ST
963,6315B028,1,HIGHLANDTOWN,3819 BANK ST
964,6323006,1,GREEKTOWN,310 S LEHIGH ST
965,6323007,1,GREEKTOWN,312 S LEHIGH ST
966,6424027,1,CANTON,3509 EASTERN AVE
967,6719012,1,GRACELAND PARK,6706 HUDSON ST
968,6750G001,1,BROENING MANOR,1635 JOPLIN ST
969,6759010,1,BROENING MANOR,6309 BROWN AVE
970,6798027,1,BROENING MANOR,6207 DANVILLE AVE
971,6984004,1,SAINT HELENA,6524 CLEVELAND AVE
972,7057A019,1,BROOKLYN,617 ARSAN AVE
973,7225005,1,CURTIS BAY,1632 HAZEL ST
974,7225009,1,CURTIS BAY,1624 HAZEL ST
975,7225018,1,CURTIS BAY,1606 HAZEL ST
976,7225032,1,CURTIS BAY,1621 LOCUST ST
977,7225033,1,CURTIS BAY,1619 LOCUST ST
978,7225034,1,CURTIS BAY,1617 LOCUST ST
979,7225041,1,CURTIS BAY,1603 LOCUST ST
980,7225042,1,CURTIS BAY,1601 LOCUST ST
981,7481C018,1,LAKELAND,2421 ARBUTON AVE
982,7492B010,1,LAKELAND,2908 HOLLINS FERRY ROAD
983,7492C419,1,LAKELAND,2434 HARRIET AVE
984,7643078,1,CHERRY HILL,2840 BOOKERT DR
985,7779002,1,MORRELL PARK,2534 WASHINGTON BLVD
986,7841085,1,MORRELL PARK,1933 GRINNALDS AVE
987,7841J016,1,MORRELL PARK,2030 WHISTLER AVE
988,8139D036,1,BEECHFIELD,5115 FREDERICK AVE
989,8248003,1,HOWARD PARK,3607 MOHAWK AVE
990,8298006,1,HOWARD PARK,4403 LIBERTY HEIGHTS AVE
991,8333002,1,HOWARD PARK,5505 GWYNN OAK AVE
992,8342001,1,HOWARD PARK,2918 N ROGERS AVE
993,8393G004,1,WEST FOREST PARK,5007 W FOREST PARK AVE
994,8415014,1,FRANKLINTOWN,2006 N FOREST PARK AVE
